GEO_SPATIAL_KEY,X,Y
83, 24601.53812, 28313.07364
